tum_ref,tum_var,rel_ref,rel_var
130,164,270,72
97,122,103,35
116,144,189,52
164,201,272,84
164,201,213,28
147,180,169,36
153,186,212,57
131,159,237,44
137,163,89,23
141,163,260,52
164,189,264,43
149,171,188,32
183,210,282,63
158,181,290,57
131,150,233,59
121,138,119,40
122,139,208,39
156,177,168,32
144,163,227,49
130,147,212,49
138,156,139,28
169,191,260,41
175,197,334,59
139,156,193,46
180,202,253,62
117,131,225,45
184,206,227,41
177,198,299,65
146,163,175,48
181,202,146,37
167,186,196,63
106,118,166,40
178,198,290,70
126,140,41,13
174,192,266,63
145,160,145,29
147,162,240,33
79,87,69,21
160,176,200,49
161,177,178,27
148,162,132,17
160,175,218,31
166,181,271,62
148,161,130,21
171,186,204,38
161,175,143,46
104,113,270,45
142,154,196,43
168,182,230,57
170,184,194,43
123,133,140,38
168,181,295,75
168,181,195,41
145,156,216,46
107,115,177,38
174,187,349,57
161,173,207,44
129,138,151,33
202,216,199,39
130,139,99,26
132,141,166,51
155,165,165,42
172,183,265,68
173,184,251,55
112,119,181,46
177,188,258,43
147,156,191,43
116,123,88,17
150,159,196,53
136,144,243,61
154,163,240,43
137,145,147,42
140,148,232,52
175,185,289,55
184,194,185,56
148,156,232,24
168,177,315,71
136,143,220,42
196,206,262,70
141,148,97,22
143,150,161,34
124,130,238,66
168,176,253,46
194,203,282,37
151,158,252,38
200,209,274,40
184,192,220,55
166,173,313,57
170,177,180,39
148,154,196,46
126,131,221,48
154,160,125,36
154,160,112,14
157,163,292,47
134,139,179,54
135,140,136,35
137,142,227,57
138,143,166,44
114,118,143,30
154,159,174,33
165,170,173,14
216,222,202,28
109,112,150,26
146,150,268,58
112,115,246,66
190,195,223,36
196,201,325,68
163,167,257,44
166,170,171,41
132,135,193,41
164,167,177,46
164,167,233,48
219,223,205,25
167,170,344,66
180,183,187,33
185,188,273,58
186,189,264,57
139,141,144,33
140,142,163,40
144,146,261,62
145,147,151,50
150,152,323,74
156,158,183,34
161,163,226,58
167,169,314,71
169,171,190,45
132,133,285,62
137,138,94,16
138,139,268,52
143,144,333,66
143,144,250,49
151,152,148,41
162,163,258,72
165,166,78,31
173,174,270,73
174,175,227,48
180,181,280,48
190,191,325,67
159,159,235,80
128,128,140,44
180,180,300,86
182,182,233,64
185,185,246,67
118,118,117,31
147,147,200,51
132,132,51,13
187,187,303,74
166,166,247,58
167,167,316,72
178,178,290,66
174,174,199,45
161,161,241,54
150,150,181,39
172,172,202,43
168,168,380,75
193,193,209,41
110,110,317,62
180,180,252,49
121,121,283,55
114,114,147,28
136,136,260,45
149,149,148,25
169,169,277,42
132,132,187,27
172,172,223,20
204,203,236,59
200,199,259,54
197,196,297,58
187,186,251,58
179,178,260,74
171,170,271,72
169,168,336,76
168,167,165,41
144,143,229,59
142,141,206,47
142,141,180,40
135,134,143,32
135,134,224,49
132,131,97,35
210,208,261,45
188,186,173,46
187,185,203,61
174,172,215,65
172,170,152,25
170,168,305,59
168,166,362,68
166,164,355,64
161,159,178,27
149,147,202,43
143,141,102,33
198,195,254,67
189,186,302,54
187,184,232,39
120,118,53,17
180,177,210,47
177,174,255,57
116,114,150,33
173,170,298,61
171,168,313,61
165,162,133,19
164,161,178,31
159,156,239,37
195,191,241,53
145,142,171,51
181,177,259,63
177,173,178,30
174,170,337,88
174,170,318,70
171,167,170,53
169,165,261,41
168,164,288,62
166,162,268,52
164,160,231,51
163,159,156,23
159,155,290,51
191,186,285,68
186,181,324,67
184,179,211,47
179,174,309,65
143,139,146,40
178,173,257,46
142,138,206,31
172,167,309,61
169,164,354,61
135,131,262,65
193,187,260,71
189,183,289,60
125,121,90,22
156,151,257,50
187,181,280,61
155,150,106,17
154,149,202,41
151,146,89,33
150,145,142,30
149,144,235,39
147,142,277,52
171,165,250,62
199,192,332,79
141,136,157,37
168,162,252,61
168,162,282,50
140,135,295,46
195,188,245,68
137,132,110,31
163,157,233,47
189,182,202,66
162,156,243,53
158,152,229,35
157,151,246,38
182,175,177,29
154,148,190,38
154,148,365,73
127,122,117,23
177,170,371,61
150,144,325,70
173,166,374,80
147,141,151,31
145,139,207,44
145,139,74,15
169,162,265,49
188,180,235,57
184,176,266,57
161,154,318,55
206,197,221,49
160,153,248,45
159,152,260,48
179,171,283,42
151,144,238,42
172,164,148,16
170,162,111,18
190,181,241,56
126,120,203,47
188,179,234,60
166,158,261,63
186,177,113,33
203,193,186,41
201,191,204,38
179,170,230,42
175,166,145,39
155,147,252,47
154,146,139,26
152,144,291,67
189,179,301,67
132,125,308,56
188,178,266,51
206,195,300,66
149,141,195,52
184,174,185,34
165,156,278,57
181,171,196,47
216,204,190,39
197,186,221,35
174,164,202,47
153,144,111,34
184,173,269,53
167,157,320,70
149,140,192,65
165,155,144,33
164,154,247,62
180,169,168,29
147,138,128,28
162,152,282,60
162,152,110,23
176,165,296,73
144,135,34,8
176,165,210,46
172,161,265,53
155,145,171,31
124,116,78,12
186,174,138,21
139,130,135,38
185,173,156,32
185,173,249,51
213,199,299,77
167,156,230,43
212,198,210,59
180,168,205,45
164,153,135,33
162,151,191,37
191,178,204,52
161,150,264,58
161,150,231,35
160,149,153,48
174,162,169,33
158,147,230,56
143,133,188,42
157,146,101,25
142,132,172,31
198,184,252,60
169,157,270,54
154,143,220,71
168,156,211,50
140,130,179,36
167,155,153,45
194,180,310,54
193,179,330,65
137,127,165,44
136,126,192,34
163,151,228,47
122,113,129,26
189,175,321,78
175,162,224,47
215,199,222,57
134,124,219,50
185,171,249,64
118,109,207,45
131,121,143,36
144,133,210,54
144,133,213,39
196,181,341,50
195,180,193,56
143,132,138,40
169,156,231,57
169,156,86,14
181,167,108,39
181,167,270,66
155,143,97,24
180,166,203,34
154,142,129,24
192,177,204,69
165,152,156,36
165,152,268,45
175,161,165,35
186,171,182,40
186,171,156,26
161,148,257,69
173,159,289,69
173,159,231,38
185,170,207,59
148,136,248,42
170,156,157,40
181,166,283,84
193,177,225,58
179,164,274,68
179,164,167,31
178,163,235,45
154,141,138,37
130,119,141,24
189,173,355,84
188,172,206,39
140,128,280,53
186,170,275,39
206,188,292,62
183,167,206,47
193,176,390,86
147,134,153,34
180,164,328,93
179,163,274,59
167,152,158,27
166,151,190,51
188,171,243,66
188,171,240,54
176,160,157,42
153,139,99,28
153,139,186,37
142,129,370,68
229,208,248,66
162,147,170,25
193,175,256,43
171,155,99,31
160,145,383,89
170,154,195,37
180,163,254,50
201,182,199,45
201,182,296,58
179,162,269,56
126,114,106,30
157,142,107,20
188,170,183,48
188,170,245,49
167,151,320,77
146,132,191,31
187,169,271,70
196,177,197,49
175,158,182,39
195,176,234,33
184,166,251,49
102,92,106,9
141,127,146,28
191,172,226,43
180,162,235,69
180,162,270,57
180,162,256,47
159,143,190,48
159,143,232,55
138,124,288,52
147,132,88,20
164,147,188,57
164,147,182,34
153,137,138,31
191,171,239,52
191,171,182,32
181,162,97,24
161,144,245,54
161,144,139,20
170,152,228,55
151,135,330,68
179,160,282,52
160,143,183,51
188,168,201,30
197,176,288,39
168,150,362,55
149,133,65,16
214,191,272,65
167,149,248,71
176,157,214,41
185,165,276,58
185,165,252,50
185,165,206,40
203,181,298,57
184,164,306,85
184,164,315,58
147,131,401,97
147,131,150,30
165,147,160,36
119,106,191,52
201,179,160,46
146,130,225,35
155,138,265,45
191,170,185,46
172,153,149,26
172,153,120,19
171,152,164,40
162,144,193,45
197,175,294,57
188,167,172,27
179,159,239,57
143,127,226,52
178,158,269,53
178,158,215,41
159,141,215,45
132,117,80,13
167,148,187,38
158,140,147,40
193,171,181,33
184,163,193,43
166,147,164,31
131,116,151,24
192,170,241,51
182,161,245,69
156,138,201,45
199,176,256,72
199,176,183,32
173,153,250,48
207,183,252,54
163,144,272,52
188,166,346,77
188,166,251,47
162,143,184,42
179,158,234,51
196,173,182,45
170,150,252,76
187,165,231,53
161,142,194,37
186,164,195,43
152,134,234,54
168,148,248,55
193,170,193,41
201,177,309,74
209,184,297,87
167,147,115,25
192,169,217,35
175,154,210,63
125,110,167,41
133,117,144,33
140,123,436,96
140,123,152,27
189,166,260,53
172,151,233,66
155,136,166,22
171,150,229,57
179,157,210,44
162,142,261,68
162,142,191,37
178,156,374,49
161,141,176,49
169,148,241,69
169,148,261,33
201,176,272,60
160,140,137,44
184,161,128,28
120,105,162,29
167,146,327,83
206,180,320,86
198,173,235,41
166,145,200,41
126,110,109,16
173,151,345,69
187,163,200,39
171,149,255,38
163,142,137,31
225,196,320,70
155,135,188,36
178,155,341,90
201,175,213,72
162,141,216,56
162,141,153,35
162,141,226,32
185,161,243,49
214,186,308,57
183,159,307,64
152,132,251,35
182,158,223,69
182,158,356,66
159,138,423,94
174,151,303,64
181,157,174,28
196,170,168,44
196,170,266,53
188,163,315,39
150,130,219,52
195,169,248,51
157,136,238,40
149,129,176,47
193,167,326,54
141,122,174,33
163,141,303,78
163,141,222,36
163,141,222,33
148,128,130,24
170,147,181,49
170,147,208,51
170,147,267,54
199,172,255,46
162,140,210,60
162,140,149,37
125,108,64,14
191,165,335,73
191,165,199,38
176,152,214,62
146,126,189,42
197,170,216,69
197,170,295,92
175,151,207,34
174,150,360,81
145,125,259,53
181,156,283,43
152,131,220,49
159,137,230,44
173,149,381,87
158,136,222,42
172,148,239,35
129,111,113,14
164,141,376,87
171,147,124,40
178,153,143,43
192,165,271,52
199,171,246,57
142,122,159,26
170,146,66,5
177,152,173,44
191,164,315,73
127,109,435,111
176,151,306,45
190,163,269,51
204,175,247,35
211,181,247,58
211,181,199,36
217,186,187,52
175,150,224,56
196,168,292,62
203,174,270,55
168,144,198,31
188,161,244,48
111,95,114,33
187,160,160,34
159,136,207,44
159,136,263,45
131,112,139,20
186,159,333,92
186,159,335,70
213,182,280,49
191,163,226,39
184,157,138,33
184,157,280,54
143,122,181,32
197,168,284,59
163,139,137,42
156,133,270,64
183,156,144,40
149,127,235,59
189,161,322,65
182,155,302,85
188,160,147,43
161,137,137,32
161,137,182,38
173,147,181,34
206,175,342,69
179,152,218,53
179,152,201,44
159,135,195,47
192,163,297,93
152,129,201,45
165,140,273,63
164,139,287,72
221,187,231,56
234,198,167,38
188,159,288,77
194,164,264,53
181,153,326,74
148,125,172,49
180,152,192,29
167,141,217,61
199,168,296,58
141,119,80,19
173,146,275,57
173,146,206,34
179,151,241,51
217,183,189,44
185,156,142,43
172,145,194,36
197,166,254,57
203,171,291,66
145,122,56,14
195,164,214,54
157,132,226,38
212,178,357,64
218,183,221,41
193,162,298,59
142,119,158,41
178,149,253,59
165,138,295,38
171,143,192,46
195,163,284,64
164,137,250,54
182,152,210,48
109,91,199,59
218,182,173,34
181,151,209,43
193,161,264,59
198,165,195,49
179,149,266,61
167,139,124,25
190,158,214,50
190,158,300,39
166,138,259,45
160,133,105,22
148,123,202,50
148,123,120,28
183,152,346,62
176,146,246,74
164,136,145,37
158,131,217,46
111,92,131,47
175,145,203,50
157,130,134,41
186,154,307,63
180,149,207,54
209,173,299,69
168,139,285,68
168,139,202,37
139,115,232,57
191,158,278,71
214,177,209,56
167,138,293,47
190,157,325,62
207,171,237,42
172,142,190,32
166,137,100,25
222,183,262,51
193,159,317,67
187,154,206,57
215,177,119,23
192,158,188,55
180,148,287,62
179,147,121,25
179,147,250,51
162,133,139,29
201,165,223,61
173,142,140,40
166,136,171,39
188,154,252,40
175,143,163,38
169,138,182,31
125,102,44,6
217,177,271,45
206,168,281,50
146,119,236,57
173,141,222,51
135,110,108,31
178,145,122,27
194,158,256,60
210,171,221,52
220,179,185,56
193,157,232,58
193,157,265,57
150,122,215,37
166,135,258,34
187,152,225,63
144,117,49,7
197,160,304,77
149,121,160,46
186,151,223,38
164,133,293,73
190,154,210,48
231,187,271,64
147,119,195,37
162,131,188,29
146,118,120,45
198,160,263,60
192,155,142,29
176,142,198,42
124,100,48,9
201,162,235,65
185,149,279,57
195,157,202,52
174,140,145,32
174,140,205,43
184,148,247,49
189,152,168,31
153,123,226,41
168,135,148,32
188,151,330,70
132,106,208,51
167,134,199,38
182,146,178,37
192,154,340,70
197,158,256,38
212,170,285,79
176,141,321,86
176,141,173,45
181,145,168,41
140,112,154,42
180,144,246,61
164,131,265,56
159,127,222,40
188,150,222,41
163,130,132,36
158,126,161,50
222,177,439,112
212,169,243,50
187,149,204,52
172,137,159,43
162,129,160,48
201,160,219,41
186,148,243,70
205,163,336,76
151,120,151,44
204,162,229,52
199,158,182,58
199,158,288,65
194,154,186,46
184,146,206,57
179,142,221,40
208,165,214,59
203,161,286,77
174,138,116,30
169,134,181,48
212,168,118,32
183,145,108,24
197,156,259,57
148,117,157,31
205,162,234,49
195,154,239,60
214,169,259,62
171,135,294,70
152,120,194,36
118,93,226,41
179,141,120,42
225,177,289,67
225,177,308,51
178,140,308,58
206,162,155,56
145,114,294,59
186,146,251,39
144,113,174,18
209,164,236,67
176,138,278,52
213,167,244,62
180,141,254,51
189,148,114,24
175,137,340,71
147,115,218,36
146,114,199,58
146,114,99,22
182,142,197,55
159,124,163,34
168,131,131,28
177,138,231,58
167,130,219,52
135,105,50,11
188,146,219,58
219,170,252,51
183,142,197,64
174,135,312,51
165,128,175,50
165,128,212,49
169,131,321,55
160,124,151,34
177,137,245,53
177,137,365,58
198,153,262,69
193,149,135,31
175,135,143,39
179,138,197,40
205,158,206,43
191,147,135,27
203,156,215,47
181,139,173,28
159,122,217,53
154,118,302,85
154,118,195,47
179,137,170,32
181,138,221,49
181,138,302,62
164,125,155,38
180,137,118,28
154,117,96,16
203,154,248,35
169,128,265,70
214,162,243,58
185,140,213,41
197,149,281,59
201,152,225,56
212,160,121,42
158,119,138,26
166,125,192,30
194,146,188,48
181,136,246,46
230,172,208,39
226,169,258,56
210,157,275,44
158,118,207,58
212,158,309,63
208,154,265,64
187,138,84,23
133,98,178,31
155,114,274,67
185,136,166,31
192,141,219,78
192,141,46,6
75,55,83,25
149,109,152,26
171,125,162,24
193,141,189,39
189,138,252,64
226,165,217,60
125,91,60,10
197,143,268,62
200,145,164,44
167,121,254,54
228,165,238,53
199,144,251,55
183,132,193,60
175,126,126,28
157,113,251,48
189,136,222,40
186,133,165,40
198,141,241,51
250,178,203,54
204,145,263,60
164,116,279,64
201,142,165,47
216,152,306,64
216,152,254,52
108,76,98,20
202,142,344,75
154,108,116,31
183,128,287,56
209,146,197,68
191,132,301,50
200,137,264,65
216,147,133,25
182,123,260,59
129,87,90,16
173,116,331,60
171,114,278,54
152,101,120,25
193,128,166,28
139,92,104,21
206,135,248,60
232,152,365,0
172,112,107,25
231,148,274,54
207,130,136,29
181,113,386,0
150,92,356,0
201,122,206,2
213,127,358,1
189,112,392,0
231,135,380,1
216,120,237,0
228,126,328,0
210,116,278,0
245,134,299,0
226,123,164,0
189,102,113,0
210,113,202,2
175,94,194,0
235,126,347,0
193,102,280,0
248,131,305,3
190,100,277,1
154,81,68,1
255,134,290,1
201,105,313,1
201,105,311,0
207,108,280,0
162,84,85,0
190,98,215,0
216,111,291,0
160,82,133,1
210,107,246,47
210,107,159,0
234,119,360,0
138,70,35,0
227,115,267,0
243,123,265,1
237,119,358,0
243,122,326,1
237,118,354,0
225,112,244,0
221,110,282,0
246,122,334,0
220,109,356,0
208,103,372,0
174,86,281,2
71,35,30,0
185,91,276,0
185,91,102,0
191,93,335,1
247,120,365,0
208,101,156,0
241,117,236,0
241,117,251,0
206,100,241,0
124,60,228,1
224,108,177,0
222,107,265,1
232,111,342,0
159,76,226,0
272,130,241,0
214,102,347,7
212,101,310,0
202,96,259,3
116,55,127,0
230,109,144,0
228,108,262,2
182,86,118,0
185,87,93,0
269,126,350,1
261,122,318,0
223,104,232,0
215,100,211,0
198,92,184,0
244,113,180,0
232,107,367,0
233,107,307,0
157,72,143,0
205,94,139,0
179,82,359,0
194,88,339,3
197,89,349,0
186,84,155,0
231,104,314,0
220,99,159,3
261,117,483,1
217,97,376,1
222,99,259,0
240,107,246,0
243,108,420,0
250,111,392,0
187,83,585,2
253,112,331,1
253,112,336,0
260,115,281,2
231,102,267,0
186,82,228,0
252,111,383,2
260,114,281,0
233,102,300,0
273,118,460,1
232,100,303,0
255,108,235,0
255,108,205,0
241,102,318,0
279,118,178,0
209,88,151,2
220,92,247,0
213,87,271,0
216,88,241,0
234,95,224,0
235,95,455,1
179,72,143,1
246,98,278,0
212,84,354,0
198,78,392,2
244,96,349,0
319,125,350,0
228,87,335,2
204,76,166,0
241,89,190,0
233,86,173,0
256,94,235,0
274,100,349,0
286,104,289,1
201,73,79,0
125,44,239,0
287,88,199,0
113,32,197,0
129,36,196,2
309,68,102,0
250,54,320,1
198,39,107,2
245,48,467,1
315,61,270,2
231,44,99,0
179,34,106,1
364,69,434,2
248,47,275,4
265,48,287,1
268,48,275,0
320,57,271,0
344,61,382,0
300,53,299,0
172,30,61,1
291,50,331,0
269,46,212,0
253,43,245,0
314,52,307,0
239,39,140,0
258,42,320,0
308,50,320,0
302,49,250,0
353,57,186,0
336,54,153,0
263,42,224,0
289,46,207,0
282,44,264,0
264,41,280,0
265,41,324,0
195,30,49,0
287,44,201,0
186,28,357,0
281,42,285,0
283,42,235,1
263,39,190,0
264,39,334,0
258,38,388,0
272,40,284,1
259,38,232,0
294,43,209,0
227,33,157,1
296,43,308,0
297,43,265,0
279,40,111,0
273,39,329,0
337,48,359,0
260,37,350,0
232,33,162,1
183,26,110,0
282,40,148,0
306,43,328,0
295,41,189,0
246,34,180,0
275,38,337,0
319,44,282,1
305,42,291,0
273,37,302,1
288,39,298,0
313,42,173,0
179,24,167,0
314,42,202,1
345,46,298,1
210,28,308,1
295,39,336,0
265,35,270,0
228,30,278,0
327,43,364,0
305,40,312,23
315,41,384,1
315,41,328,0
247,32,185,0
240,31,313,0
349,45,289,2
287,37,298,0
251,32,359,0
308,39,303,0
313,39,258,0
233,29,202,2
275,34,318,0
243,30,233,0
293,36,306,0
334,41,268,0
269,33,305,0
289,35,439,1
310,37,331,1
311,37,307,0
320,38,277,0
288,34,325,0
248,29,389,4
323,37,282,0
284,32,272,3
302,34,246,1
329,37,402,1
324,36,287,0
317,35,186,0
282,31,437,0
296,32,287,1
309,33,300,0
256,27,166,0
210,22,95,0
297,31,289,1
304,31,261,0
325,33,256,2
320,32,399,1
292,29,248,0
238,22,178,1
371,34,290,0
247,22,222,0
335,29,300,0
174,15,134,1
281,24,290,2
319,27,463,3
306,25,317,0
246,20,210,2
273,22,292,1
327,26,296,0
299,23,345,1
202,15,249,0
348,25,173,0
226,16,275,5
136,9,145,63
345,20,354,0
291,16,264,0
238,13,156,2
308,16,381,1
321,16,276,0
245,12,360,1
366,17,200,0
195,9,134,77
295,13,197,0
208,9,103,0
353,15,283,0
307,13,281,0
260,11,160,0
316,13,423,1
350,14,212,0
316,12,224,0
349,13,172,0
271,10,280,0
303,11,169,25
250,9,307,0
339,12,192,39
283,9,210,1
316,10,402,0
160,5,79,49
355,11,189,40
297,9,225,47
309,9,421,0
347,10,213,0
976,28,272,1
354,10,238,2
249,7,294,1
371,10,207,50
343,9,348,0
353,9,259,60
355,9,279,67
357,9,251,0
330,8,269,2
332,8,355,0
294,7,185,32
253,6,293,61
310,7,238,0
355,8,337,0
311,7,228,0
363,8,265,62
364,8,310,56
230,5,87,26
368,8,273,1
325,7,188,44
329,7,265,56
376,8,258,1
377,8,420,1
330,7,205,41
379,8,239,63
334,7,198,31
382,8,291,54
337,7,286,0
340,7,437,2
299,6,277,48
307,6,154,32
359,7,286,0
359,7,284,0
316,6,227,54
321,6,181,39
332,6,320,0
279,5,270,62
341,6,231,51
413,7,274,65
355,6,261,60
355,6,290,66
358,6,125,30
365,6,197,44
365,6,246,51
305,5,308,73
380,6,393,1
327,5,297,79
265,4,157,42
344,5,255,60
285,4,144,34
289,4,196,56
371,5,305,87
311,4,287,61
326,4,246,47
326,4,159,0
259,3,171,49
356,4,217,54
273,3,226,52
366,4,319,66
369,4,155,28
302,3,272,63
328,3,349,76
358,3,153,24
375,3,256,59
643,5,36,0
292,2,293,51
319,2,148,30
324,2,235,42
341,2,225,48
174,1,159,18
349,2,139,39
395,2,378,58
333,1,254,46
345,1,192,20
347,1,217,12
353,1,206,40
353,1,213,6
361,1,259,23
361,1,355,30
370,1,300,77
373,1,246,4
395,1,285,8
305,0,208,56
401,0,183,30
353,0,175,28
291,0,347,51
340,0,254,35
332,0,225,31
406,0,258,34
328,0,316,40
343,0,302,37
348,0,240,29
373,0,321,34
334,0,359,37
365,0,290,27
379,0,346,31
368,0,313,27
372,0,260,22
295,0,219,18
318,0,249,20
329,0,336,25
323,0,248,18
286,0,275,18
363,0,368,23
352,0,291,18
297,0,460,27
353,0,327,19
328,0,419,24
335,0,251,14
282,0,372,20
307,0,213,11
364,0,238,12
412,0,299,15
379,0,300,15
314,0,228,11
337,0,170,8
343,0,421,6
333,0,298,4
314,0,387,5