Ref,Alt
374,113
260,77
289,82
119,44
312,94
267,65
203,94
125,30
347,129
158,52
73,45
249,84
292,108
268,99
303,105
278,89
147,41
351,72
175,47
187,51
220,85
282,104
131,46
164,52
274,83
273,80
252,84
376,133
348,135
258,75
133,36
186,57
83,36
255,93
202,76
39,8
313,142
189,60
210,82
189,55
136,39
215,94
233,69
284,100
275,99
311,76
183,57
186,48
188,49
282,94
118,45
119,48
480,175
196,81
62,21
397,152
311,93
120,55
254,85
228,65
70,26
134,50
69,27
177,42
62,17
315,90
334,113
222,80
201,41
322,103
206,61
97,37
307,91
289,93
219,107
497,143
190,58
76,18
173,74
170,67
101,32
312,103
164,33
103,32
151,74
333,108
279,81
450,141
171,60
142,40
335,90
334,108
216,59
274,92
238,71
309,99
207,46
144,52
242,81
208,66
140,145
248,169
142,115
190,168
250,173
162,102
144,91
128,93
115,111
93,77
169,134
109,97
173,126
76,82
185,168
117,100
219,183
102,65
200,180
127,101
184,132
299,216
109,105
80,59
261,180
187,162
223,175
71,58
90,80
170,164
183,162
234,187
89,90
227,216
119,104
103,82
40,49
106,80
45,32
164,116
120,69
198,172
65,63
129,106
301,216
116,91
313,274
252,249
145,85
182,142
93,56
192,198
56,60
153,121
208,202
205,170
277,216
146,158
177,141
214,221
228,207
266,196
93,92
188,136
72,73
200,138
256,169
194,160
122,117
217,191
184,147
148,113
161,135
128,96
173,138
167,148
309,270
71,73
212,155
71,62
233,216
133,110
129,147
146,87
265,201
214,181
175,165
209,167
135,97
138,112
133,126
162,122
163,116
183,187
152,121
161,134
118,105
156,135
133,130
200,230